{
  "schemaVersion": 1,
  "id": "distanthorizons",
  "version": "2.3.2-b",
  "provides": [
    "lod"
  ],
  "name": "Distant Horizons",
  "description": "This mod generates and renders simplified terrain beyond the normal view distance at a low performance cost. Allowing you to see much farther without turning your game into a slideshow.",
  "authors": [
    "James Seibel",
    "Leonardo Amato",
    "Cola",
    "coolGi",
    "Ran",
    "Leetom",
    "pshsh"
  ],
  "contact": {
    "homepage": "https://modrinth.com/mod/distanthorizons",
    "sources": "https://gitlab.com/jeseibel/distant-horizons",
    "issues": "https://gitlab.com/jeseibel/distant-horizons/-/issues"
  },
  "license": "LGPL-3",
  "icon": "assets/distanthorizons/icon.png",
  "accessWidener": "fabric-distanthorizons.accesswidener",
  "environment": "*",
  "entrypoints": {
    "client": [
      "com.seibel.distanthorizons.fabric.FabricMain"
    ],
    "server": [
      "com.seibel.distanthorizons.fabric.FabricMain"
    ],
    "modmenu": [
      "com.seibel.distanthorizons.fabric.wrappers.config.ModMenuIntegration"
    ]
  },
  "mixins": [
    "fabric-DistantHorizons.fabric.mixins.json"
  ],
  "depends": {
    "fabricloader": "*",
    "fabric-api-base": "*",
    "fabric-lifecycle-events-v1": "*",
    "fabric-resource-loader-v0": "*",
    "minecraft": [
      "1.20",
      "1.20.1"
    ],
    "java": "\u003e\u003d17"
  },
  "custom": {
    "modmenu": {
      "links": {
        "modmenu.discord": "https://discord.gg/xAB8G4cENx"
      }
    }
  },
  "suggests": {},
  "breaks": {
    "iris": "\u003c\u003d1.7.4"
  },
  "recommends": {},
  "jars": [
    {
      "file": "META-INF/jars/fabric-fabric-api-base-0.4.30+7abfd51577.jar"
    },
    {
      "file": "META-INF/jars/fabric-fabric-command-api-v2-2.2.12+b3afc78b77.jar"
    },
    {
      "file": "META-INF/jars/fabric-fabric-entity-events-v1-1.5.22+b3afc78b77.jar"
    },
    {
      "file": "META-INF/jars/fabric-fabric-events-interaction-v0-0.6.1+e91849a877.jar"
    },
    {
      "file": "META-INF/jars/fabric-fabric-key-binding-api-v1-1.0.36+fb8d95da77.jar"
    },
    {
      "file": "META-INF/jars/fabric-fabric-lifecycle-events-v1-2.2.21+b3afc78b77.jar"
    },
    {
      "file": "META-INF/jars/fabric-fabric-networking-api-v1-1.3.10+eeb8eb3677.jar"
    },
    {
      "file": "META-INF/jars/fabric-fabric-rendering-v1-3.0.7+b3afc78b77.jar"
    },
    {
      "file": "META-INF/jars/fabric-fabric-resource-loader-v0-0.11.9+132c48c177.jar"
    },
    {
      "file": "META-INF/jars/fabric-fabric-screen-api-v1-2.0.7+b3afc78b77.jar"
    }
  ]
}
