{
  "required": true,
  "minVersion": "0.8",
  "package": "com.seibel.distanthorizons.fabric.mixins",
  "mixins": [
    "server.MixinChunkGenerator",
    "server.MixinChunkMap",
    "server.MixinEntity",
    "server.MixinServerPlayer",
    "server.MixinTracingExecutor",
    "server.MixinUtilBackgroundThread"
  ],
  "client": [
    "client.MixinClientLevel",
    "client.MixinClientPacketListener",
    "client.MixinDebugScreenOverlay",
    "client.MixinFogRenderer",
    "client.MixinLevelRenderer",
    "client.MixinLightTexture",
    "client.MixinMinecraft",
    "client.MixinOptionsScreen",
    "client.MixinTextureUtil"
  ],
  "server": [],
  "injectors": {
    "defaultRequire": 1
  },
  "plugin": "com.seibel.distanthorizons.fabric.mixins.FabricMixinPlugin",
  "refmap": "fabric-DistantHorizons-fabric-refmap.json"
}
