{
  "mappings": {
    "com/seibel/distanthorizons/forge/mixins/client/MixinMinecraft": {
      "Lnet/minecraft/client/Minecraft;setInitialScreen(Lcom/mojang/realmsclient/client/RealmsClient;Lnet/minecraft/server/packs/resources/ReloadInstance;Lnet/minecraft/client/main/GameConfig$QuickPlayData;)V": "Lnet/minecraft/client/Minecraft;m_278684_(Lcom/mojang/realmsclient/client/RealmsClient;Lnet/minecraft/server/packs/resources/ReloadInstance;Lnet/minecraft/client/main/GameConfig$QuickPlayData;)V",
      "Lnet/minecraft/client/Minecraft;setScreen(Lnet/minecraft/client/gui/screens/Screen;)V": "Lnet/minecraft/client/Minecraft;m_91152_(Lnet/minecraft/client/gui/screens/Screen;)V"
    },
    "com/seibel/distanthorizons/forge/mixins/client/MixinDebugScreenOverlay": {
      "getSystemInformation": "Lnet/minecraft/client/gui/components/DebugScreenOverlay;m_94078_()Ljava/util/List;"
    },
    "com/seibel/distanthorizons/forge/mixins/server/MixinChunkMap": {
      "save": "Lnet/minecraft/server/level/ChunkMap;m_140258_(Lnet/minecraft/world/level/chunk/ChunkAccess;)Z",
      "Lnet/minecraft/world/level/chunk/storage/ChunkSerializer;write(Lnet/minecraft/server/level/ServerLevel;Lnet/minecraft/world/level/chunk/ChunkAccess;)Lnet/minecraft/nbt/CompoundTag;": "Lnet/minecraft/world/level/chunk/storage/ChunkSerializer;m_63454_(Lnet/minecraft/server/level/ServerLevel;Lnet/minecraft/world/level/chunk/ChunkAccess;)Lnet/minecraft/nbt/CompoundTag;"
    },
    "com/seibel/distanthorizons/forge/mixins/client/MixinFogRenderer": {
      "setupFog(Lnet/minecraft/client/Camera;Lnet/minecraft/client/renderer/FogRenderer$FogMode;FZF)V": "Lnet/minecraft/client/renderer/FogRenderer;m_234172_(Lnet/minecraft/client/Camera;Lnet/minecraft/client/renderer/FogRenderer$FogMode;FZF)V"
    },
    "com/seibel/distanthorizons/forge/mixins/server/MixinServerPlayer": {
      "setServerLevel": "Lnet/minecraft/server/level/ServerPlayer;m_284127_(Lnet/minecraft/server/level/ServerLevel;)V"
    },
    "com/seibel/distanthorizons/forge/mixins/client/MixinLightTexture": {
      "updateLightTexture(F)V": "Lnet/minecraft/client/renderer/LightTexture;m_109881_(F)V"
    },
    "com/seibel/distanthorizons/forge/mixins/client/MixinClientPacketListener": {
      "handleLogin": "Lnet/minecraft/client/multiplayer/ClientPacketListener;m_5998_(Lnet/minecraft/network/protocol/game/ClientboundLoginPacket;)V",
      "close": "Lnet/minecraft/client/multiplayer/ClientPacketListener;m_261044_()V"
    },
    "com/seibel/distanthorizons/forge/mixins/server/MixinUtilBackgroundThread": {
      "wrapThreadWithTaskName(Ljava/lang/String;Ljava/util/function/Supplier;)Ljava/util/function/Supplier;": "Lnet/minecraft/Util;m_183946_(Ljava/lang/String;Ljava/util/function/Supplier;)Ljava/util/function/Supplier;",
      "wrapThreadWithTaskName(Ljava/lang/String;Ljava/lang/Runnable;)Ljava/lang/Runnable;": "Lnet/minecraft/Util;m_143787_(Ljava/lang/String;Ljava/lang/Runnable;)Ljava/lang/Runnable;",
      "backgroundExecutor": "Lnet/minecraft/Util;m_183991_()Ljava/util/concurrent/ExecutorService;"
    },
    "com/seibel/distanthorizons/forge/mixins/client/MixinOptionsScreen": {
      "init": "Lnet/minecraft/client/gui/screens/OptionsScreen;m_7856_()V"
    },
    "com/seibel/distanthorizons/forge/mixins/client/MixinLevelRenderer": {
      "renderChunkLayer(Lnet/minecraft/client/renderer/RenderType;Lcom/mojang/blaze3d/vertex/PoseStack;DDDLorg/joml/Matrix4f;)V": "Lnet/minecraft/client/renderer/LevelRenderer;m_172993_(Lnet/minecraft/client/renderer/RenderType;Lcom/mojang/blaze3d/vertex/PoseStack;DDDLorg/joml/Matrix4f;)V",
      "renderClouds": "Lnet/minecraft/client/renderer/LevelRenderer;m_253054_(Lcom/mojang/blaze3d/vertex/PoseStack;Lorg/joml/Matrix4f;FDDD)V"
    }
  },
  "data": {
    "named:intermediary": {
      "com/seibel/distanthorizons/forge/mixins/client/MixinMinecraft": {
        "Lnet/minecraft/client/Minecraft;setInitialScreen(Lcom/mojang/realmsclient/client/RealmsClient;Lnet/minecraft/server/packs/resources/ReloadInstance;Lnet/minecraft/client/main/GameConfig$QuickPlayData;)V": "Lnet/minecraft/client/Minecraft;m_278684_(Lcom/mojang/realmsclient/client/RealmsClient;Lnet/minecraft/server/packs/resources/ReloadInstance;Lnet/minecraft/client/main/GameConfig$QuickPlayData;)V",
        "Lnet/minecraft/client/Minecraft;setScreen(Lnet/minecraft/client/gui/screens/Screen;)V": "Lnet/minecraft/client/Minecraft;m_91152_(Lnet/minecraft/client/gui/screens/Screen;)V"
      },
      "com/seibel/distanthorizons/forge/mixins/client/MixinDebugScreenOverlay": {
        "getSystemInformation": "Lnet/minecraft/client/gui/components/DebugScreenOverlay;m_94078_()Ljava/util/List;"
      },
      "com/seibel/distanthorizons/forge/mixins/server/MixinChunkMap": {
        "save": "Lnet/minecraft/server/level/ChunkMap;m_140258_(Lnet/minecraft/world/level/chunk/ChunkAccess;)Z",
        "Lnet/minecraft/world/level/chunk/storage/ChunkSerializer;write(Lnet/minecraft/server/level/ServerLevel;Lnet/minecraft/world/level/chunk/ChunkAccess;)Lnet/minecraft/nbt/CompoundTag;": "Lnet/minecraft/world/level/chunk/storage/ChunkSerializer;m_63454_(Lnet/minecraft/server/level/ServerLevel;Lnet/minecraft/world/level/chunk/ChunkAccess;)Lnet/minecraft/nbt/CompoundTag;"
      },
      "com/seibel/distanthorizons/forge/mixins/client/MixinFogRenderer": {
        "setupFog(Lnet/minecraft/client/Camera;Lnet/minecraft/client/renderer/FogRenderer$FogMode;FZF)V": "Lnet/minecraft/client/renderer/FogRenderer;m_234172_(Lnet/minecraft/client/Camera;Lnet/minecraft/client/renderer/FogRenderer$FogMode;FZF)V"
      },
      "com/seibel/distanthorizons/forge/mixins/server/MixinServerPlayer": {
        "setServerLevel": "Lnet/minecraft/server/level/ServerPlayer;m_284127_(Lnet/minecraft/server/level/ServerLevel;)V"
      },
      "com/seibel/distanthorizons/forge/mixins/client/MixinLightTexture": {
        "updateLightTexture(F)V": "Lnet/minecraft/client/renderer/LightTexture;m_109881_(F)V"
      },
      "com/seibel/distanthorizons/forge/mixins/client/MixinClientPacketListener": {
        "handleLogin": "Lnet/minecraft/client/multiplayer/ClientPacketListener;m_5998_(Lnet/minecraft/network/protocol/game/ClientboundLoginPacket;)V",
        "close": "Lnet/minecraft/client/multiplayer/ClientPacketListener;m_261044_()V"
      },
      "com/seibel/distanthorizons/forge/mixins/server/MixinUtilBackgroundThread": {
        "wrapThreadWithTaskName(Ljava/lang/String;Ljava/util/function/Supplier;)Ljava/util/function/Supplier;": "Lnet/minecraft/Util;m_183946_(Ljava/lang/String;Ljava/util/function/Supplier;)Ljava/util/function/Supplier;",
        "wrapThreadWithTaskName(Ljava/lang/String;Ljava/lang/Runnable;)Ljava/lang/Runnable;": "Lnet/minecraft/Util;m_143787_(Ljava/lang/String;Ljava/lang/Runnable;)Ljava/lang/Runnable;",
        "backgroundExecutor": "Lnet/minecraft/Util;m_183991_()Ljava/util/concurrent/ExecutorService;"
      },
      "com/seibel/distanthorizons/forge/mixins/client/MixinOptionsScreen": {
        "init": "Lnet/minecraft/client/gui/screens/OptionsScreen;m_7856_()V"
      },
      "com/seibel/distanthorizons/forge/mixins/client/MixinLevelRenderer": {
        "renderChunkLayer(Lnet/minecraft/client/renderer/RenderType;Lcom/mojang/blaze3d/vertex/PoseStack;DDDLorg/joml/Matrix4f;)V": "Lnet/minecraft/client/renderer/LevelRenderer;m_172993_(Lnet/minecraft/client/renderer/RenderType;Lcom/mojang/blaze3d/vertex/PoseStack;DDDLorg/joml/Matrix4f;)V",
        "renderClouds": "Lnet/minecraft/client/renderer/LevelRenderer;m_253054_(Lcom/mojang/blaze3d/vertex/PoseStack;Lorg/joml/Matrix4f;FDDD)V"
      }
    }
  }
}
