{
  "required": true,
  "minVersion": "0.8",
  "package": "com.seibel.distanthorizons.forge.mixins",
  "mixins": [
    "server.MixinUtilBackgroundThread",
    "server.MixinChunkGenerator",
    "server.MixinTFChunkGenerator",
    "server.MixinChunkMap",
    "server.MixinServerPlayer",
    "server.MixinEntity"
  ],
  "client": [
    "client.MixinClientPacketListener",
    "client.MixinDebugScreenOverlay",
    "client.MixinFogRenderer",
    "client.MixinLevelRenderer",
    "client.MixinLightTexture",
    "client.MixinOptionsScreen",
    "client.MixinTextureUtil"
  ],
  "server": [],
  "refmap": "forge-DistantHorizons-forge-refmap.json"
}
